<?xml version="1.0" encoding="UTF-8"?>
<project-private xmlns="http://www.netbeans.org/ns/project-private/1">
    <editor-bookmarks xmlns="http://www.netbeans.org/ns/editor-bookmarks/2" lastBookmarkId="0"/>
    <open-files xmlns="http://www.netbeans.org/ns/projectui-open-files/2">
        <group>
            <file>file:/C:/Users/urees/Documents/NetBeansProjects/StockIntake/src/stockintake/PreferredStock.java</file>
            <file>file:/C:/Users/urees/Documents/NetBeansProjects/StockIntake/test/stockintake/StockTest.java</file>
            <file>file:/C:/Users/urees/Documents/NetBeansProjects/StockIntake/src/stockintake/StockIntake.java</file>
            <file>file:/C:/Users/urees/Documents/NetBeansProjects/StockIntake/src/stockintake/Stock.java</file>
            <file>file:/C:/Users/urees/Documents/NetBeansProjects/StockIntake/src/stockintake/CommonStock.java</file>
        </group>
    </open-files>
</project-private>
